image,centroid_x,centroid_y,cluster
4,370,114,2
4,309,85,2
2,270,159,2
2,380,126,2
2,344,89,2
3,19,271,0
3,104,233,0
3,341,242,2
3,402,219,2
3,158,224,0
3,192,144,2
3,253,135,2
3,448,110,2
3,294,131,1
1,325,144,2
